ID,名前,画像,URL
ruined_comslave,社畜の所業,ruined_comslave.jpg,https://x.com/ruined_comslave
coffin_you,ナルウィ,coffin_you.jpg,https://x.com/coffin_you
frozen_mikann,冷凍みかん食べる？,frozen_mikann.jpg,https://x.com/frozen_mikann
yukitoexv6,ゆきと。,yukitoexv6.jpg,https://x.com/yukitoexv6
albumyona,よな,albumyona.jpg,https://x.com/albumyona
harvestjb,ハベ,harvestjb.jpg,https://x.com/harvestjb
M2J60n22ME74343,てーる,M2J60n22ME74343.jpg,https://x.com/M2J60n22ME74343
white_star_sky,kaisu,white_star_sky.jpg,https://x.com/white_star_sky
Yumiiru_penguin,ゆみぃる,Yumiiru_penguin.jpg,https://x.com/Yumiiru_penguin
tachibanameiji,たちばなめいじ,tachibanameiji.jpg,https://x.com/tachibanameiji
phantomlain,快楽の獣の月城凛さん,phantomlain.jpg,https://x.com/phantomlain
crivermouth1,curio,crivermouth1.jpg,https://x.com/crivermouth1
mustbestupid12,ishmel,mustbestupid12.jpg,https://x.com/mustbestupid12
bomb_saito,サイトー,bomb_saito.jpg,https://x.com/bomb_saito
Liam11051,Liam1105,Liam11051.jpg,https://x.com/Liam11051
FleetAttack,へるしー太郎,FleetAttack.jpg,https://x.com/FleetAttack
OCT248,OCT248,OCT248.jpg,https://x.com/OCT248
nozomigotokuro,NOZOMIKURO,nozomigotokuro.jpg,https://x.com/nozomigotokuro
hikki0707,ヒッキー君,hikki0707.jpg,https://x.com/hikki0707
ves_sue,ヴェス,ves_sue.jpg,https://x.com/ves_sue
Isekajden,Jay,Isekajden.jpg,https://x.com/Isekajden
empoleon434,Vicki,empoleon434.jpg,https://x.com/empoleon434
taro__ichi,掃き溜めのたわら,taro__ichi.jpg,https://x.com/taro__ichi
ritu_531,律です。,ritu_531.jpg,https://x.com/ritu_531
hwaJyD6vt5YfAUX,スラク,hwaJyD6vt5YfAUX.jpg,https://x.com/hwaJyD6vt5YfAUX
mt036aq,mt,mt036aq.jpg,https://x.com/mt036aq
Hinanatan,りえ,Hinanatan.jpg,https://x.com/Hinanatan
memeji10325,めめじ,memeji10325.jpg,https://x.com/memeji10325
kimagurelove,きまぐれ,kimagurelove.jpg,https://x.com/kimagurelove
28arusuM,アルス,28arusuM.jpg,https://x.com/28arusuM
WA2_coda_Daphne,ダフネ。,WA2_coda_Daphne.jpg,https://x.com/WA2_coda_Daphne
snow___82,Linko,snow___82.jpg,https://x.com/snow___82
Andante_u,とーじ,Andante_u.jpg,https://x.com/Andante_u
luosteven42868,空蝉,luosteven42868.jpg,https://x.com/luosteven42868
astrodabo,だぼ,astrodabo.jpg,https://x.com/astrodabo
sliped_my_mind,しっかり侍,sliped_my_mind.jpg,https://x.com/sliped_my_mind
iXerol,レイ,iXerol.jpg,https://x.com/iXerol
kosmos_setsuna,邪神もっこす,kosmos_setsuna.jpg,https://x.com/kosmos_setsuna
atarasu1234,アトラス,atarasu1234.jpg,https://x.com/atarasu1234
Julio_is_God,ふりお,Julio_is_God.jpg,https://x.com/Julio_is_God
Asuna7785,チンチン電車 / ㄐㄐ（チン）,Asuna7785.jpg,https://x.com/Asuna7785
atomrocketsod,たくや,atomrocketsod.jpg,https://x.com/atomrocketsod
Laevateinn3728,神崎涼,Laevateinn3728.jpg,https://x.com/Laevateinn3728
JerryTheRisu,ジェりす,JerryTheRisu.jpg,https://x.com/JerryTheRisu
snIM5ewhIcWwhUh,タカオ,snIM5ewhIcWwhUh.jpg,https://x.com/snIM5ewhIcWwhUh
shizukana_umi,まよい@ごろごろしたい,shizukana_umi.jpg,https://x.com/shizukana_umi
ukeke_7st_gt,咲髏　ざくろ,ukeke_7st_gt.jpg,https://x.com/ukeke_7st_gt
ogachan515,OGA（オガ）,ogachan515.jpg,https://x.com/ogachan515
shoot_the_star7,Sirius,shoot_the_star7.jpg,https://x.com/shoot_the_star7
TouyaYuuzen,湧禅冬矢,TouyaYuuzen.jpg,https://x.com/TouyaYuuzen
sanzui104,さんずい,sanzui104.jpg,https://x.com/sanzui104
kiharamayamaya,木原麻耶,kiharamayamaya.jpg,https://x.com/kiharamayamaya
allen851085,李Jcold,allen851085.jpg,https://x.com/allen851085
aruto1121,Aruto？オルタ,aruto1121.jpg,https://x.com/aruto1121
kasuri0726,飛白,kasuri0726.jpg,https://x.com/kasuri0726
JH6BxHOsZqnlwjH,キアロ,JH6BxHOsZqnlwjH.jpg,https://x.com/JH6BxHOsZqnlwjH
SakeKasuRH,界隈の長谷川凌真,SakeKasuRH.jpg,https://x.com/SakeKasuRH
hagane9800,ガネーハ,hagane9800.jpg,https://x.com/hagane9800
mame_cho26,まめちょ,mame_cho26.jpg,https://x.com/mame_cho26
chiaki_konokana,六条菜々子,chiaki_konokana.jpg,https://x.com/chiaki_konokana
DBOY05773427,D・BOY,DBOY05773427.jpg,https://x.com/DBOY05773427
RinShinna,りん,RinShinna.jpg,https://x.com/RinShinna
ushigara_neko6,流浪の楽師団 うしねこ,ushigara_neko6.jpg,https://x.com/ushigara_neko6
michaelwin0307,たかひろ,michaelwin0307.jpg,https://x.com/michaelwin0307
crypt_birth,birth,crypt_birth.jpg,https://x.com/crypt_birth
homurakyouiti,めいめい(草),homurakyouiti.jpg,https://x.com/homurakyouiti
minirider_TH2,小牧じゅん,minirider_TH2.jpg,https://x.com/minirider_TH2
owari_989,歩く棺桶,owari_989.jpg,https://x.com/owari_989
tomatsusena,戸松せな,tomatsusena.jpg,https://x.com/tomatsusena
ichibun0856,いちぶん,ichibun0856.jpg,https://x.com/ichibun0856
0gPVnCkz5SCDOjn,くらち,0gPVnCkz5SCDOjn.jpg,https://x.com/0gPVnCkz5SCDOjn
sitri_12_,シトリ,sitri_12_.jpg,https://x.com/sitri_12_
HARU_number19,HARU,HARU_number19.jpg,https://x.com/HARU_number19
Hobby__J,ホビーJ,Hobby__J.jpg,https://x.com/Hobby__J